ProductNO,ProductTitle,ProductCode,Availability,Price,ImageURL,ManualURL,SupportSoftwareURL,SoftDMCManualURL
52,"CFADPTCS Compact Flash - IDE adapter type  2 - Chant Sincere",CFADPTCS,44,US$20.00,http://store.mesanet.com/image/cache/catalog/Products/Disk-Cards/cfadptcscolo-500x500.png,,,
53,"5I21 PICTURE",5I21,25,US$275.00,http://store.mesanet.com/image/cache/catalog/Products/Serial-Cards/5i21colo-500x500.png,http://www.mesanet.com/pdf/parallel/5i21man.pdf,http://www.mesanet.com/software/parallel/5i21.zip,
54,"4i20 picture",4I20,10,US$169.00,http://store.mesanet.com/image/cache/catalog/Products/Parallel_Cards/4i20colo-500x500.png,http://www.mesanet.com/pdf/parallel/4i20man.pdf,http://www.mesanet.com/software/parallel/4i20.zip,
55,"5I25 picture",5I25,Out Of Stock,US$89.00,http://store.mesanet.com/image/cache/catalog/Products/AIO-FPGA-Cards/5i25colo-500x500.pnghttp://store.mesanet.com/image/cache/catalog/Products/AIO-FPGA-Cards/5i25lpcolo-500x500.png,http://www.mesanet.com/pdf/parallel/5i25man.pdf,http://www.mesanet.com/software/parallel/5i25.zip,
56,"4I39  FPGA based Anything I/O card with isolated RS-422 interface",4I39,Out Of Stock,US$299.00,http://store.mesanet.com/image/cache/catalog/Products/Serial-Cards/4i39colo-500x500.png,http://www.mesanet.com/pdf/parallel/4i39man.pdf,http://www.mesanet.com/software/parallel/4i39.zip,
58,"6i25 picture",6I25,69,US$109.00,http://store.mesanet.com/image/cache/catalog/Products/AIO-FPGA-Cards/6i25lpcolo-500x500.png,http://www.mesanet.com/pdf/parallel/6i25man.pdf,http://www.mesanet.com/software/parallel/5i25.zip,
59,"7I80DB Picture",7I80DB-16,Out Of Stock,US$149.00,http://store.mesanet.com/image/cache/catalog/Products/AIO-FPGA-Cards/7i80dbcolo-500x500.png,http://www.mesanet.com/pdf/parallel/7i80dbman.pdf,http://www.mesanet.com/software/parallel/7i80.zip,
60,"7I80DB-25 Ethernet Anything I/O card",7I80DB-25 ,Out Of Stock,US$169.00,http://store.mesanet.com/image/cache/catalog/Products/AIO-FPGA-Cards/7i80dbcolo-500x500.png,http://www.mesanet.com/pdf/parallel/7i80dbman.pdf,http://www.mesanet.com/software/parallel/7i80.zip,
61,"7I80HD-25  Ethernet Anything I/O card",7I80HD-25,Out Of Stock,US$169.00,http://store.mesanet.com/image/cache/catalog/Products/AIO-FPGA-Cards/7i80hdcolo-500x500.png,http://www.mesanet.com/pdf/parallel/7i80hdman.pdf,http://www.mesanet.com/software/parallel/7i80.zip,
62,"7I80HD-16  Ethernet Anything I/O card",7I80HD-16,Out Of Stock,US$149.00,http://store.mesanet.com/image/cache/catalog/Products/AIO-FPGA-Cards/7i80hdcolo-500x500.png,http://www.mesanet.com/pdf/parallel/7i80hdman.pdf,http://www.mesanet.com/software/parallel/7i80.zip,
63,"5I22-1 FPGA based PCI  Anything I/O card (OBSOLETE)",5I22-1,Out Of Stock,US$249.00,http://store.mesanet.com/image/cache/catalog/Products/AIO-FPGA-Cards/5i22colo-500x500.png,http://www.mesanet.com/pdf/parallel/5i22man.pdf,http://www.mesanet.com/software/parallel/5i22.zip,
64,"5I22-1.5 FPGA based PCI  Anything I/O card (OBSOLETE)",5I22-1.5,Out Of Stock,US$429.00,http://store.mesanet.com/image/cache/catalog/Products/AIO-FPGA-Cards/5i22colo-500x500.png,http://www.mesanet.com/pdf/parallel/5i22man.pdf,http://www.mesanet.com/software/parallel/5i22.zip,
65,"5I23 FPGA card",5I23,Out Of Stock,US$260.00,http://store.mesanet.com/image/cache/catalog/Products/AIO-FPGA-Cards/5i23colo-500x500.png,http://www.mesanet.com/pdf/parallel/5i23man.pdf,http://www.mesanet.com/software/parallel/5i23.zip,
70,"7I43-U-4  FPGA based USB/EPP Anything I/O card",7I43-U-4,4,US$89.00,http://store.mesanet.com/image/cache/catalog/Products/AIO-FPGA-Cards/7i43colo-500x500.png,http://www.mesanet.com/pdf/parallel/7i43man.pdf,http://www.mesanet.com/software/parallel/7i43.zip,
73,"7I68  3X2X cabled PCIE motherboard",7I68,14,US$99.00,http://store.mesanet.com/image/cache/catalog/Products/AIO-FPGA-Cards/7i68colo-500x500.png,http://www.mesanet.com/pdf/parallel/7i68man.pdf,,
74,"7I33TA Analog servo interface",7I33TA,Out Of Stock,US$79.00,http://store.mesanet.com/image/cache/catalog/Products/Motion/7i33tacolo-500x500.png,http://www.mesanet.com/pdf/motion/7i33man.pdf,,
76,"6I68  3X2X 1X PCIE slot motherboard",6I68,12,US$99.00,http://store.mesanet.com/image/cache/catalog/Products/AIO-FPGA-Cards/6i68colo-500x500.png,http://www.mesanet.com/pdf/parallel/6i68man.pdf,,
77,"3X20 picture",3X20-2,Out Of Stock,US$550.00,http://store.mesanet.com/image/cache/catalog/Products/AIO-FPGA-Cards/3x20colo-500x500.png,http://www.mesanet.com/pdf/parallel/3x20man.pdf,http://www.mesanet.com/software/parallel/3x20.zip,
78,"3X20 picture",3X20-2-MB,Out Of Stock,US$550.00,http://store.mesanet.com/image/cache/catalog/Products/AIO-FPGA-Cards/3x20colo-500x500.png,http://www.mesanet.com/pdf/parallel/3x20man.pdf,http://www.mesanet.com/software/parallel/3x20.zip,
79,"4i69 picture",4I69-16,Out Of Stock,US$260.00,http://store.mesanet.com/image/cache/catalog/Products/AIO-FPGA-Cards/4i69colo-500x500.png,http://www.mesanet.com/pdf/parallel/4i69man.pdf,http://www.mesanet.com/software/parallel/4i69.zip,http://www.mesanet.com/pdf/parallel/softdmc.pdf
80,"4I69-16-AIN  FPGA based PC104-PLUS Anything I/O card",4I69-16-AIN,Out Of Stock,US$295.00,http://store.mesanet.com/image/cache/catalog/Products/AIO-FPGA-Cards/4i69colo-500x500.pnghttp://store.mesanet.com/image/cache/catalog/Products/CPU-Cards/4c81colo-500x500.png,http://www.mesanet.com/pdf/parallel/4i69man.pdf,http://www.mesanet.com/software/parallel/4i69.zip,http://www.mesanet.com/pdf/parallel/softdmc.pdf
81,"4I69-25  FPGA based PC104-PLUS Anything I/O card",4I69-25,Out Of Stock,US$275.00,http://store.mesanet.com/image/cache/catalog/Products/AIO-FPGA-Cards/4i69colo-500x500.pnghttp://store.mesanet.com/image/cache/catalog/Products/CPU-Cards/4c81colo-500x500.png,http://www.mesanet.com/pdf/parallel/4i69man.pdf,http://www.mesanet.com/software/parallel/4i69.zip,http://www.mesanet.com/pdf/parallel/softdmc.pdf
82,"4I69 pictue",4I69-25-AIN ,Out Of Stock,US$310.00,http://store.mesanet.com/image/cache/catalog/Products/AIO-FPGA-Cards/4i69colo-500x500.pnghttp://store.mesanet.com/image/cache/catalog/Products/CPU-Cards/4c81colo-500x500.png,http://www.mesanet.com/pdf/parallel/4i69man.pdf,http://www.mesanet.com/software/parallel/4i69.zip,http://www.mesanet.com/pdf/parallel/softdmc.pdf
85,"4I38-1  FPGA based Anything I/O card",4I38-1,Out Of Stock,US$275.00,http://store.mesanet.com/image/cache/catalog/Products/AIO-FPGA-Cards/4i38colo-500x500.png,http://www.mesanet.com/pdf/parallel/4i38man.pdf,http://www.mesanet.com/software/parallel/4i38.zip,
86,"4I38-1.5  FPGA based Anything I/O card",4I38-1.5,Out Of Stock,US$326.00,http://store.mesanet.com/image/cache/catalog/Products/AIO-FPGA-Cards/4i38colo-500x500.png,http://www.mesanet.com/pdf/parallel/4i38man.pdf,http://www.mesanet.com/software/parallel/4i38.zip,
87,"4I34-1  FPGA based Anything I/O card",4I34-1,Out Of Stock,US$204.00,http://store.mesanet.com/image/cache/catalog/Products/AIO-FPGA-Cards/4i34colo-500x500.png,http://www.mesanet.com/pdf/parallel/4i34man.pdf,http://www.mesanet.com/software/parallel/4i34.zip,
88,"4I34-2  FPGA based Anything I/O card",4I34-2,Out Of Stock,US$227.00,http://store.mesanet.com/image/cache/catalog/Products/AIO-FPGA-Cards/4i34colo-500x500.png,http://www.mesanet.com/pdf/parallel/4i34man.pdf,http://www.mesanet.com/software/parallel/4i34.zip,
89,"7I60 picture",7I60,Out Of Stock,US$258.00,http://store.mesanet.com/image/cache/catalog/Products/AIO-FPGA-Cards/7i60-500x500.png,http://www.mesanet.com/pdf/parallel/7i60man.pdf,http://www.mesanet.com/software/parallel/7i60.zip,http://www.mesanet.com/pdf/parallel/softdmc.pdf
91,"7I34 picture",7I34-I,Out Of Stock,US$71.00,http://store.mesanet.com/image/cache/catalog/Products/Motion/7i34colo-500x500.png,http://www.mesanet.com/pdf/parallel/7i34man.pdf,,
92,"7I33  Quad Analog servo interface",7I33,Out Of Stock,US$69.00,http://store.mesanet.com/image/cache/catalog/Products/Motion/7i33colo-500x500.png,http://www.mesanet.com/pdf/motion/7i33man.pdf,,
93,"7I37   8 output, 16 input isolated I/O card",7I37,Out Of Stock,US$69.00,http://store.mesanet.com/image/cache/catalog/Products/AIO_Daughter_Cards/7i37colo-500x500.png,http://www.mesanet.com/pdf/parallel/7i37man.pdf,,
94,"7I37-COM Isolated I/O card",7I37-COM,Out Of Stock,US$79.00,http://store.mesanet.com/image/cache/catalog/Products/AIO_Daughter_Cards/7i37comcolo-500x500.png,http://www.mesanet.com/pdf/parallel/7i37comman.pdf,,
95,"7I42TA Breakout/FPGA protection card",7I42TA,15,US$45.00,http://store.mesanet.com/image/cache/catalog/Products/AIO_Daughter_Cards/7i42tacolo-500x500.png,http://www.mesanet.com/pdf/parallel/7i42man.pdf,,
96,"7I44 RS-422 interface",7I44,41,US$69.00,http://store.mesanet.com/image/cache/catalog/Products/AIO_Daughter_Cards/7i44colo-500x500.png,http://www.mesanet.com/pdf/parallel/7i44man.pdf,,
97,"7I46 six Channel SPI breakout card",7I46,8,US$35.00,http://store.mesanet.com/image/cache/catalog/Products/AIO_Daughter_Cards/7i46colo-500x500.png,http://www.mesanet.com/pdf/parallel/7i46man.pdf,,
98,"7I47 picture",7I47,Out Of Stock,US$69.00,http://store.mesanet.com/image/cache/catalog/Products/AIO_Daughter_Cards/7i47colo-500x500.png,http://www.mesanet.com/pdf/motion/7i47man.pdf,,
99,"7I47S 8/12 Channel motion oriented RS-422 interface with analog out",7I47S,Out Of Stock,US$79.00,http://store.mesanet.com/image/cache/catalog/Products/AIO_Daughter_Cards/7i47scolo-500x500.png,http://www.mesanet.com/pdf/motion/7i47sman.pdf,,
100,"7I48 picture",7I48,Out Of Stock,US$99.00,http://store.mesanet.com/image/cache/catalog/Products/AIO_Daughter_Cards/7i48colo-500x500.png,http://www.mesanet.com/pdf/motion/7i48man.pdf,,
101,"7I49 Picture",7I49,8,US$184.00,http://store.mesanet.com/image/cache/catalog/Products/AIO_Daughter_Cards/7i49colo-500x500.png,http://www.mesanet.com/pdf/motion/7i49man.pdf,,
103,"3X20 picture",3X20-1,4,US$377.00,http://store.mesanet.com/image/cache/catalog/Products/AIO-FPGA-Cards/3x20colo-500x500.png,http://www.mesanet.com/pdf/parallel/3x20man.pdf,http://www.mesanet.com/software/parallel/3x20.zip,
105,"7i52 picture",7I52,13,US$69.00,http://store.mesanet.com/image/cache/catalog/Products/AIO_Daughter_Cards/7i52colo-500x500.png,http://www.mesanet.com/pdf/parallel/7i52man.pdf,,
106,"7I52S 6 Channel encoder 12 channel + differential step/dir/PWM card",7I52S,17,US$69.00,http://store.mesanet.com/image/cache/catalog/Products/AIO_Daughter_Cards/7i52colo-500x500.png,http://www.mesanet.com/pdf/parallel/7i52sman.pdf,,
108,"7I53 12 Channel encoder 2 channel Serial RS-422 interface",7I53,21,US$99.00,http://store.mesanet.com/image/cache/catalog/Products/AIO_Daughter_Cards/7i53colo-500x500.png,http://www.mesanet.com/pdf/parallel/7i53man.pdf,,
109,"7I65  Octal Analog servo interface",7I65,Out Of Stock,US$279.00,http://store.mesanet.com/image/cache/catalog/Products/AIO_Daughter_Cards/7i65colo-500x500.png,http://www.mesanet.com/pdf/motion/7i65man.pdf,,
110,"7IA0 picture",7IA0,49,US$249.00,http://store.mesanet.com/image/cache/catalog/7ia0colo-500x500.png,http://www.mesanet.com/pdf/parallel/7ia0man.pdf,,
111,"7I70 picture",7I70,14,US$79.00,http://store.mesanet.com/image/cache/catalog/Products/AIO_Daughter_Cards/7i70colo-500x500.png,http://www.mesanet.com/pdf/parallel/7i70man.pdf,,
112,"7I66-8 Isolated remote digital input and power driver card",7I66-8,11,US$79.00,http://store.mesanet.com/image/cache/catalog/Products/AIO_Daughter_Cards/7i66colo-500x500.png,http://www.mesanet.com/pdf/parallel/7i66man.pdf,,
113,"7I69 remote digital I/O card",7I69,Out Of Stock,US$69.00,http://store.mesanet.com/image/cache/catalog/Products/AIO_Daughter_Cards/7i69colo-500x500.png,http://www.mesanet.com/pdf/parallel/7i69man.pdf,,
114,"7I71 Isolated remote power driver card sourcing outputs",7I71,10,US$119.00,http://store.mesanet.com/image/cache/catalog/Products/AIO_Daughter_Cards/7i71colo-500x500.png,http://www.mesanet.com/pdf/parallel/7i71man.pdf,,
115,"7I72 Isolated remote power driver card sinking outputs",7I72,16,US$119.00,http://store.mesanet.com/image/cache/catalog/Products/AIO_Daughter_Cards/7i72colo-500x500.png,http://www.mesanet.com/pdf/parallel/7i72man.pdf,,
116,"7I73 picture",7I73,62,US$49.00,http://store.mesanet.com/image/cache/catalog/Products/AIO_Daughter_Cards/7i73colo-500x500.png,http://www.mesanet.com/pdf/parallel/7i73man.pdf,,
117,"7I74 Eight Channel RS-422/485 interface/ RJ45 Breakout",7I74,45,US$69.00,http://store.mesanet.com/image/cache/catalog/Products/AIO_Daughter_Cards/7i74colo-500x500.png,http://www.mesanet.com/pdf/parallel/7i74man.pdf,,
118,"7I75 Picture",7I75,59,US$45.00,http://store.mesanet.com/image/cache/catalog/Products/AIO_Daughter_Cards/7i75colo-500x500.png,http://www.mesanet.com/pdf/parallel/7i75man.pdf,,
119,"7I76 Picture",7I76,Out Of Stock,US$119.00,http://store.mesanet.com/image/cache/catalog/Products/AIO_Daughter_Cards/7i76colo-500x500.png,http://www.mesanet.com/pdf/parallel/7i76man.pdf,,
120,"7I77 card",7I77,20,US$229.00,http://store.mesanet.com/image/cache/catalog/Products/AIO-FPGA-Cards/7i77colo-500x500.png,http://www.mesanet.com/pdf/parallel/7i77man.pdf,,
121,"7i78 picture",7I78,4,US$69.00,http://store.mesanet.com/image/cache/catalog/Products/AIO_Daughter_Cards/7i78colo-500x500.png,http://www.mesanet.com/pdf/parallel/7i78man.pdf,,
122,"7i83 picture",7I83,23,US$119.00,http://store.mesanet.com/image/cache/catalog/Products/AIO_Daughter_Cards/7i83colo-500x500.png,http://www.mesanet.com/pdf/parallel/7i83man.pdf,,
123,"7i84 picture",7I84,34,US$79.00,http://store.mesanet.com/image/cache/catalog/Products/AIO_Daughter_Cards/7i84colo-500x500.png,http://www.mesanet.com/pdf/parallel/7i84man.pdf,,
124,"7I85 Picture",7I85,46,US$69.00,http://store.mesanet.com/image/cache/catalog/Products/AIO_Daughter_Cards/7i85colo-500x500.png,http://www.mesanet.com/pdf/parallel/7i85man.pdf,,
125,"7I85S picture",7I85S,69,US$69.00,http://store.mesanet.com/image/cache/catalog/Products/AIO_Daughter_Cards/7i85colo-500x500.png,http://www.mesanet.com/pdf/parallel/7i85sman.pdf,,
126,"7I87 picture",7I87,8,US$99.00,http://store.mesanet.com/image/cache/catalog/Products/AIO_Daughter_Cards/7i87colo-500x500.png,http://www.mesanet.com/pdf/parallel/7i87man.pdf,,
127,"THCAD picture",THCAD-10,Out Of Stock,US$69.00,http://store.mesanet.com/image/cache/catalog/Products/AIO_Daughter_Cards/thcadcolo-500x500.png,http://www.mesanet.com/pdf/analog/thcadman.pdf,,
128,"THCAD picture",THCAD-300,Out Of Stock,US$69.00,http://store.mesanet.com/image/cache/catalog/Products/AIO_Daughter_Cards/thcadcolo-500x500.png,http://www.mesanet.com/pdf/analog/thcadman.pdf,,
133,"4I30 picture",4I30,Out Of Stock,US$199.00,http://store.mesanet.com/image/cache/catalog/Products/Motion/4i30colo-500x500.png,,,
135,"4i36 picture",4I36-1,20,US$229.00,http://store.mesanet.com/image/cache/catalog/Products/Motion/4i36col-500x500.png,,,
136,"4I74 eight channel PCI/104 quadrature counter card",4I74,15,US$199.00,http://store.mesanet.com/image/cache/catalog/Products/Motion/4i74colo-500x500.png,,,
138,"7I66-24 Isolated remote  power driver card",7I66-24,30,US$119.00,http://store.mesanet.com/image/cache/catalog/Products/AIO_Daughter_Cards/7i66colo-500x500.png,http://www.mesanet.com/pdf/parallel/7i66man.pdf,,
140,"7I27 400 Watt H-bridges for 4I27 and FPGA cards",7I27,4,US$275.00,http://store.mesanet.com/image/cache/catalog/Products/Motion/7i27colo-500x500.png,,,
141,"7I29 picture",7I29,4,US$299.00,http://store.mesanet.com/image/cache/catalog/Products/Motion/7i29colo-500x500.png,,,
142,"7I30 picture",7I30-4,24,US$89.00,http://store.mesanet.com/image/cache/catalog/Products/Motion/7i30colo-500x500.png,,,
143,"7I32  Dual  1/2 to 3A stepper driver",7I32,15,US$89.00,http://store.mesanet.com/image/cache/catalog/Products/Motion/7i32colo-500x500.png,,,
144,"7I39-LV  Dual 250W 3 Phase BLDC driver",7I39-LV,Out Of Stock,US$149.00,,,,
145,"7I39-HV  Dual 250W 3 Phase BLDC driver",7I39-HV,Out Of Stock,US$149.00,,,,
146,"7I40 picture",7I40-LV,Out Of Stock,US$149.00,http://store.mesanet.com/image/cache/catalog/Products/Motion/7i40colo-500x500.png,,,
147,"7I40-HV  Dual 400W driver",7I40-HV,2,US$149.00,http://store.mesanet.com/image/cache/catalog/Products/Motion/7i40colo-500x500.png,,,
149,"8I20 PICTURE",8I20,Out Of Stock,US$239.00,http://store.mesanet.com/image/cache/catalog/Products/Motion/8i20colo-500x500.png,,,
151,"4I22-10 timer/counter + parallel I/O card",4I22-10,17,US$201.00,http://store.mesanet.com/image/cache/catalog/Products/Parallel_Cards/4i22colo-500x500.png,http://www.mesanet.com/pdf/parallel/4i22man.pdf,http://www.mesanet.com/software/parallel/4i22.zip,
154,"4I24  72/96 bit parallel I/O cards",4I24,13,US$166.00,http://store.mesanet.com/image/cache/catalog/Products/Parallel_Cards/4i24colo-500x500.png,http://www.mesanet.com/pdf/parallel/4i24man.pdf,http://www.mesanet.com/software/parallel/4i24.zip,
155,"4I24H  72/96 bit parallel I/O cards",4I24H,19,US$193.00,http://store.mesanet.com/image/cache/catalog/Products/Parallel_Cards/4i24colo-500x500.png,,http://www.mesanet.com/software/parallel/4i24.zip,
158,"4I24M  72/96 bit parallel I/O cards",4I24M,Out Of Stock,US$166.00,http://store.mesanet.com/image/cache/catalog/Products/Parallel_Cards/4i24colo-500x500.png,http://www.mesanet.com/pdf/parallel/4i24mman.pdf,http://www.mesanet.com/software/parallel/4i24.zip,
159,"4I70 PC/104-PCI Remote bridge",4I70,6,US$139.00,,http://www.mesanet.com/pdf/parallel/4i70man.pdf,,
160,"4I73 PC/104-PCI Remote bridge",4I73,Out Of Stock,US$139.00,http://store.mesanet.com/image/cache/catalog/Products/Parallel_Cards/4i73colo-500x500.png,,,
161,"4I73-I-ROHS-NFT PC/104-PCI Remote bridge Industrial Temperture test Range",4I73-I-ROHS-NFT,Out Of Stock,US$167.00,http://store.mesanet.com/image/cache/catalog/Products/Parallel_Cards/4i73colo-500x500.png,,,
162,"5I70 PCI-PCI Express bridge",5I70,22,US$113.00,http://store.mesanet.com/image/cache/catalog/Products/Parallel_Cards/5i70colo-500x500.png,,,
163,"SoftDMC Digital Motion Control firmware for FPGA based I/O cards (Exclusively for existing clients)",SoftDMC Firmware,98754,US$100.00,,,,
164,"5I71 PCI-PCI Express bridge",5I71,4,US$113.00,http://store.mesanet.com/image/cache/catalog/Products/Parallel_Cards/5i71colo-500x500.png,,,
166,"4P20 PC/104-PLUS  Power Over Ethernet card ",4P20,13,US$119.00,http://store.mesanet.com/image/cache/catalog/Products/Parallel_Cards/4p20colo-500x500.pnghttp://store.mesanet.com/image/cache/catalog/Products/AIO-FPGA-Cards/5i25colo-500x500.pnghttp://store.mesanet.com/image/cache/catalog/Products/AIO-FPGA-Cards/5i25lpcolo-500x500.png,,,
167,"ISIO-T-RM Low cost isolated I/O driven by printer port",ISIO-T-RM,20,US$140.00,http://store.mesanet.com/image/cache/catalog/Products/Parallel_Cards/isiocolo-500x500.png,,,
169,"4I23A quad serial card",4I23A ,33,US$134.00,http://store.mesanet.com/image/cache/catalog/Products/Serial-Cards/4i23colo-500x500.png,http://www.mesanet.com/pdf/serial/4i23man.pdf,http://www.mesanet.com/software/serial/4i23.zip,
170,"4I23B quad serial card",4I23B,19,US$134.00,http://store.mesanet.com/image/cache/catalog/Products/Serial-Cards/4i23colo-500x500.png,http://www.mesanet.com/pdf/serial/4i23man.pdf,http://www.mesanet.com/software/serial/4i23.zip,
171,"4I23C quad serial card",4I23C,2,US$134.00,http://store.mesanet.com/image/cache/catalog/Products/Serial-Cards/4i23colo-500x500.png,http://www.mesanet.com/pdf/serial/4i23man.pdf,http://www.mesanet.com/software/serial/4i23.zip,
172,"4I23D quad serial card - Not lead free",4I23D,Out Of Stock,US$134.00,http://store.mesanet.com/image/cache/catalog/Products/Serial-Cards/4i23colo-500x500.png,http://www.mesanet.com/pdf/serial/4i23man.pdf,http://www.mesanet.com/software/serial/4i23.zip,
177,"4I32A quad serial card",4I32A (NON-ROHS),Out Of Stock,US$201.00,http://store.mesanet.com/image/cache/catalog/Products/Serial-Cards/4i32colo-500x500.png,http://www.mesanet.com/pdf/serial/4i32man.pdf,,
178,"4I32B quad serial card",4I32B (NON-ROHS),Out Of Stock,US$201.00,http://store.mesanet.com/image/cache/catalog/Products/Serial-Cards/4i32colo-500x500.png,http://www.mesanet.com/pdf/serial/4i32man.pdf,,
179,"4I32C quad serial card",4I32C,4,US$201.00,http://store.mesanet.com/image/cache/catalog/Products/Serial-Cards/4i32colo-500x500.png,http://www.mesanet.com/pdf/serial/4i32man.pdf,,
181,"4I61 PC/104-PLUS 100BaseT Ethernet card",4I61,22,US$116.00,http://store.mesanet.com/image/cache/catalog/Products/Serial-Cards/4i61colo-500x500.png,http://www.mesanet.com/pdf/serial/4i61man.pdf,http://www.mesanet.com/software/serial/4i61.zip,
182,"4I63A PC/104-PLUS quad serial + parallel",4I63A,Out Of Stock,US$174.00,http://store.mesanet.com/image/cache/catalog/Products/Serial-Cards/4i63colo-500x500.png,http://www.mesanet.com/pdf/serial/4i63man.pdf,http://www.mesanet.com/software/serial/4i63.zip,
183,"4I63C PC/104-PLUS quad serial + parallel",4I63C,Out Of Stock,US$174.00,http://store.mesanet.com/image/cache/catalog/Products/Serial-Cards/4i63colo-500x500.png,http://www.mesanet.com/pdf/serial/4i63man.pdf,http://www.mesanet.com/software/serial/4i63.zip,
184,"4I63B PC/104-PLUS quad serial + parallel",4I63B,1,US$174.00,http://store.mesanet.com/image/cache/catalog/Products/Serial-Cards/4i63colo-500x500.png,http://www.mesanet.com/pdf/serial/4i63man.pdf,http://www.mesanet.com/software/serial/4i63.zip,
185,"4I66 picture",4I66,15,US$199.00,http://store.mesanet.com/image/cache/catalog/Products/Serial-Cards/4i66colo-500x500.png,http://www.mesanet.com/pdf/serial/4i66man.pdf,http://www.mesanet.com/software/serial/4i61.zip,
186,"4I71 PC104-PLUS MAC-SWITCH",4I71,5,US$219.00,http://store.mesanet.com/image/cache/catalog/Products/Serial-Cards/4i71colo-500x500.png,http://www.mesanet.com/pdf/serial/4i71man.pdf,,
187,"4I71-NFT PC104-PLUS MAC-SWITCH",4I71-NFT,9,US$212.00,http://store.mesanet.com/image/cache/catalog/Products/Serial-Cards/4i71colo-500x500.png,http://www.mesanet.com/pdf/serial/4i71man.pdf,,
188,"4I71S PC104-PLUS MAC-SWITCH",4I71S,1,US$212.00,http://store.mesanet.com/image/cache/catalog/Products/Serial-Cards/4i71colo-500x500.png,http://www.mesanet.com/pdf/serial/4i71man.pdf,,
189,"4I71S-NFT PC104-PLUS MAC-SWITCH",4I71S-NFT,Out Of Stock,US$247.20,http://store.mesanet.com/image/cache/catalog/Products/Serial-Cards/4i71colo-500x500.png,http://www.mesanet.com/pdf/serial/4i71man.pdf,,
190,"4A23 20 bit  integrating A-D",4A23,5,US$257.00,http://store.mesanet.com/image/cache/catalog/Products/Analog/4a23colo-500x500.png,,,
191,"4A24-5 high speed 16 bit A-D",4A24-5,21,US$314.00,http://store.mesanet.com/image/cache/catalog/Products/Analog/4a24colo-500x500.png,,,
192,"485x1  One channel  RS-485/RS-422 adapter",485x1,12,US$10.00,http://store.mesanet.com/image/cache/catalog/Products/Adapters_Cables/485x1colo-500x500.png,,,
196,"4i64 picture",4I64,In Stock,US$75.00,http://store.mesanet.com/image/cache/catalog/Products/Adapters_Cables/4i64colo-500x500.png,,,
197,"4I64-NFT PC/104-PLUS to MINI PCI/WIRELESS ADAPTER",4I64-NFT,10,US$68.00,http://store.mesanet.com/image/cache/catalog/Products/Adapters_Cables/4i64colo-500x500.png,,,
198,"4I67",4I67,24,US$139.00,http://store.mesanet.com/image/cache/catalog/Products/Adapters_Cables/4i67colo-500x500.png,,,
199,"4I67-NFT DUAL PC/104-PLUS to MINI-PCI/WIRELESS ADAPTER",4I67-NFT ,9,US$132.00,http://store.mesanet.com/image/cache/catalog/Products/Adapters_Cables/4i67colo-500x500.png,,,
200,"4I72 QUAD PC/104-PLUS to MINI-PCI/WIRELESS ADAPTER",4I72,8,US$161.00,http://store.mesanet.com/image/cache/catalog/Products/Adapters_Cables/4i72col-500x500.png,,,
204,"PCI-PC104-PLUS",PCI-PC104-PLUS,Out Of Stock,US$75.00,,,,
205,"spinx1 picture",SPINx1,Out Of Stock,US$24.00,http://store.mesanet.com/image/cache/catalog/Products/Adapters_Cables/spix1colo-500x500.png,http://www.mesanet.com/pdf/adapter/spinx1man.pdf,,
207,"CFADPT7-S 2.5&quot; Hard drive format EDS compact flash to IDE adapter",CFADPT7-S,189,US$25.00,http://store.mesanet.com/image/cache/catalog/Products/Disk_Emulators/cfadpt7colo-500x500.png,,,
210,"CFADPT9 picture",CFADPT9,17,US$35.00,,,,
211,"CFADPT10 Compact Flash to SATA adapter",CFADPT10,25,US$50.00,http://store.mesanet.com/image/cache/catalog/Products/Disk_Emulators/cf10colo-500x500.png,,,
212,"CFADPTHD Dual Compact Flash to IDE adapter",CFADPTHD,18,US$50.00,http://store.mesanet.com/image/cache/catalog/Products/Disk_Emulators/cfadpthd-500x500.png,,,
214,"7I77 5I25 P&amp;G kit",7I77-5I25 PNG KIT,Out Of Stock,US$318.00,http://store.mesanet.com/image/cache/catalog/Products/AIO_Daughter_Cards/7I765I25PNG-500x500.png,,,
215,"7I76 5I25 Plug and Go kit",7I76-5I25 PNG KIT,Out Of Stock,US$208.00,http://store.mesanet.com/image/cache/catalog/Products/AIO_Daughter_Cards/7I765I25PNG-500x500.png,,,
216,"7i78 p&amp;g picture",7I78-5I25 PNG KIT,Out Of Stock,US$158.00,http://store.mesanet.com/image/cache/catalog/Products/AIO_Daughter_Cards/7I765I25PNG-500x500.png,,,
217,"7I76 P&amp;G kit picture",7I76-6I25 PNG KIT,Out Of Stock,US$228.00,http://store.mesanet.com/image/cache/catalog/Products/AIO_Daughter_Cards/7I765I25PNG-500x500.png,,,
218,"7I77 6I25 P&amp;G kit",7I77-6I25 PNG KIT,4,US$338.00,http://store.mesanet.com/image/cache/catalog/Products/AIO_Daughter_Cards/7I765I25PNG-500x500.png,,,
219,"7i78 p&amp;g picture",7I78-6I25 PNG KIT,10,US$178.00,http://store.mesanet.com/image/cache/catalog/Products/AIO_Daughter_Cards/7I765I25PNG-500x500.png,,,
220,"4I34M-1  FPGA based Anything I/O card",4I34M-1,6,US$204.00,http://store.mesanet.com/image/cache/catalog/Products/AIO-FPGA-Cards/4i34colo-500x500.png,http://www.mesanet.com/pdf/parallel/4i34man.pdf,http://www.mesanet.com/software/parallel/4i34.zip,
224,"4I34M-2  FPGA based Anything I/O card",4I34M-2,7,US$227.00,http://store.mesanet.com/image/cache/catalog/Products/AIO-FPGA-Cards/4i34colo-500x500.png,http://www.mesanet.com/pdf/parallel/4i34man.pdf,http://www.mesanet.com/software/parallel/4i34.zip,
225,"4I70-NFT PC/104-PCI Remote bridge",4I70-NFT,6,US$132.00,,http://www.mesanet.com/pdf/parallel/4i70man.pdf,,
227,"DIN rail adapter picture",DIN RAIL ADAPTER KIT (2 PCS.),50,US$8.00,http://store.mesanet.com/image/cache/catalog/Products/Adapters_Cables/dinclipcolo-500x500.png,,,
229,"DIN rail adapter picture",DIN RAIL ADAPTER KIT (3 PCS.),50,US$12.00,http://store.mesanet.com/image/cache/catalog/Products/Adapters_Cables/dinclipcolo-500x500.png,,,
230,"COMMX2 COMMON BLOCK",COMMX2,84,US$8.00,http://store.mesanet.com/image/cache/catalog/Products/AIO_Daughter_Cards/comcolo-500x500.png,,,
232,"3I20",3I20,9,US$49.00,,,,
233,"7I31  Debug LED card - 24 LEDs + feedthrough for Anything I/O",7I31,14,US$35.00,,,,
234,"7I50  SPI I/O expander",7I50,Out Of Stock,US$45.00,http://store.mesanet.com/image/cache/catalog/Products/AIO_Daughter_Cards/7i50colo-500x500.png,http://www.mesanet.com/pdf/parallel/7i50man.pdf,,
235,"DB25F-IDC26 CABLE 12&quot;",DB25F-IDC26 CABLE 12&quot; SP,Out Of Stock,US$5.00,,,,
236,"no pic",PTB6,176,US$1.00,,,,
237,"no pic",PTB2,140,US$1.00,,,,
238,"no pic",PTB8V,81,US$2.00,,,,
239,"DB25M-DB25M 6FT",DB25M-DB25M 6FT,11,US$10.00,,,,
240,"DB25Mto DB25M IEEE 1284 compliant parallel port cable 10' length.",DB25M-DB25M 10FT,Out Of Stock,US$15.00,,,,
241,"PTB8",PTB8,177,US$2.00,,,,
242,"no pic",PTB6V,57,US$2.00,,,,
244,"no pic",PTB2V,82,US$1.00,,,,
245,"IB-CBL-3M",IB-CBL-3M,Out Of Stock,US$57.00,,,,
246,"PCIE cable picture",PCIE-CBL-3M,Out Of Stock,US$58.00,,,,
247,"Cat5e Cable",CAT5E-2,3,US$5.00,,,,
248,"CAT5E-4 picture",CAT5E-4,9,US$6.00,,,,
250,"Cat5e Cable",CAT5E-1-TB6,8,US$8.00,,,,
251,"Cat5e Cable",CAT5E-2-TB6,9,US$8.00,,,,
252,"Cat5e Cable",CAT5E-4-TB6,2,US$9.00,,,,
253,"Cat5e Cable",CAT5E-1-TB8,16,US$8.00,,,,
254,"Cat5e Cable",CAT5E-2-TB8,2,US$8.00,,,,
255,"Cat5e Cable",CAT5E-4-TB8,4,US$9.00,,,,
263,"485ADPT",485ADPT,90,US$24.00,,,,
265,"4I90 QUAD PC/104-EXPRESS to MINI-PCI-EXPRESS WIRELESS ADAPTER",4I90,Out Of Stock,US$0.00,http://store.mesanet.com/image/cache/catalog/Products/Adapters_Cables/4i90colo-500x500.png,,,
273,"EPPM cable",EPP-M PARALLEL CABLE,17,US$15.00,,,,
274,"PCIEEXS PCI Express cable extender",PCIEEXS,Out Of Stock,US$35.00,http://store.mesanet.com/image/cache/catalog/pcieexcolo-500x500.png,,,
276,"PCIEEXR PCI Express cable extender",PCIEEXR,Out Of Stock,US$35.00,http://store.mesanet.com/image/cache/catalog/pcieexcolo-500x500.png,,,
281,"bracket",BRACKET - SP,360,US$3.00,,,,
282,"bracket",BRACKET - LP,576,US$5.00,,,,
283,"7i85S P&amp;G picture",7I85S-5I25 PNG KIT,Out Of Stock,US$158.00,http://store.mesanet.com/image/cache/catalog/Products/AIO_Daughter_Cards/7I765I25PNG-500x500.png,,,
285,"HD-DB ADAPT",HD-DB ADAPT,Out Of Stock,US$20.00,http://store.mesanet.com/image/cache/catalog/Products/AIO_Daughter_Cards/hd-dbadptcolo-500x500.png,,,
286,"7I77 ISOL",7I77ISOL,27,US$69.00,http://store.mesanet.com/image/cache/catalog/Products/AIO_Daughter_Cards/7i77isolcolo-500x500.png,,,
287,"422ENC  One channel RS-422 to TTL adapter",422ENC,3,US$16.00,http://store.mesanet.com/image/cache/catalog/422enccolo-500x500.png,,,
288,"ENC422  One channel TTL to RS-422 adapter ",ENC422,144,US$16.00,http://store.mesanet.com/image/cache/catalog/Products/Adapters_Cables/enc422colo-500x500.png,,,
290,"7I76E picture",7I76E,Out Of Stock,US$219.00,http://store.mesanet.com/image/cache/catalog/Products/AIO-FPGA-Cards/7i76ecolo-500x500.png,http://www.mesanet.com/pdf/parallel/7i76eman.pdf,http://www.mesanet.com/software/parallel/7i76e.zip,
291,"7I90HD  Parallel/SPI Anything I/O card",7I90HD,57,US$59.00,http://store.mesanet.com/image/cache/catalog/7i90hdcolo-500x500.png,http://www.mesanet.com/pdf/parallel/7i90hdman.pdf,http://www.mesanet.com/software/parallel/7i90.zip,
292,"4X422",4X422,Out Of Stock,US$35.00,,,,
293,"JAEWB3F200VD1T",JAEWB3F200VD1T,720,US$7.00,,,,
294,"7i85S P&amp;G picture",7I85S-6I25 PNG KIT,10,US$178.00,http://store.mesanet.com/image/cache/catalog/Products/AIO_Daughter_Cards/7I765I25PNG-500x500.png,,,
295,"7I85-5I25 PLUG-N-GO picture",7I85-5I25 PNG KIT,Out Of Stock,US$158.00,http://store.mesanet.com/image/cache/catalog/Products/AIO_Daughter_Cards/7I765I25PNG-500x500.png,,,
296,"7I85-6I25 PLUG-N-GO KIT",7I85-6I25 PNG KIT,10,US$178.00,http://store.mesanet.com/image/cache/catalog/Products/AIO_Daughter_Cards/7I765I25PNG-500x500.png,,,
297,"5I24-16  FPGA based PCI Anything I/O card",5I24-16,Out Of Stock,US$119.00,http://store.mesanet.com/image/cache/catalog/Products/5i24colo-500x500.png,http://www.mesanet.com/pdf/parallel/5i24man.pdf,http://www.mesanet.com/software/parallel/5i24.zip,
298,"5I24-25  FPGA based PCI Anything I/O card",5I24-25,4,US$139.00,http://store.mesanet.com/image/cache/catalog/Products/5i24colo-500x500.png,http://www.mesanet.com/pdf/parallel/5i24man.pdf,http://www.mesanet.com/software/parallel/5i24.zip,
299,"104-AT  PC/104 to ISA adapter",104-AT,27,US$40.00,http://store.mesanet.com/image/cache/catalog/Products/Adapters_Cables/104colo-500x500.png,,,
300,"6I24 picture",6I24-25,Out Of Stock,US$159.00,http://store.mesanet.com/image/cache/catalog/6i24lpcolo-500x500.pnghttp://store.mesanet.com/image/cache/catalog/6i24lpcolo-500x500.png,http://www.mesanet.com/pdf/parallel/6i24man.pdf,http://www.mesanet.com/software/parallel/6i24.zip,
301,"6I24 picture",6I24-16,44,US$139.00,http://store.mesanet.com/image/cache/catalog/6i24lpcolo-500x500.pnghttp://store.mesanet.com/image/cache/catalog/6i24lpcolo-500x500.png,http://www.mesanet.com/pdf/parallel/6i24man.pdf,http://www.mesanet.com/software/parallel/6i24.zip,
302,"7I92 picture",7I92M,Out Of Stock,US$0.00,http://store.mesanet.com/image/cache/catalog/7i92colo-500x500.pnghttp://store.mesanet.com/image/cache/catalog/7i92colo-500x500.png,http://www.mesanet.com/pdf/parallel/7i92man.pdf,http://www.mesanet.com/software/parallel/7i92.zip,
303,"7I92H picture",7I92H,Out Of Stock,US$0.00,http://store.mesanet.com/image/cache/catalog/7i92hcolo-500x500.pnghttp://store.mesanet.com/image/cache/catalog/7i92colo-500x500.png,http://www.mesanet.com/pdf/parallel/7i92man.pdf,http://www.mesanet.com/software/parallel/7i92.zip,
304,"ENCY Picture",ENCY,9,US$18.00,http://store.mesanet.com/image/cache/catalog/encycolo-500x500.png,,,
306,"7I92 picture",7I92,Out Of Stock,US$0.00,http://store.mesanet.com/image/cache/catalog/7i92colo-500x500.pnghttp://store.mesanet.com/image/cache/catalog/7i92colo-500x500.png,http://www.mesanet.com/pdf/parallel/7i92man.pdf,http://www.mesanet.com/software/parallel/7i92.zip,
307,"cat5e cable",CAT5E-1FT,Out Of Stock,US$2.00,,,,
308,"PTB4",PTB4,188,US$1.00,,,,
310,"7I54 picture",7I54,36,US$169.00,http://store.mesanet.com/image/cache/catalog/7i54colo-500x500.png,,,
311,"7I96 picture",7I96,50,US$119.00,http://store.mesanet.com/image/cache/catalog/7i96colo-500x500.png,http://www.mesanet.com/pdf/parallel/7i96man.pdf,http://www.mesanet.com/software/parallel/7i96.zip,
312,"7I34 picture",7I34-LVDS,6,US$59.00,http://store.mesanet.com/image/cache/catalog/Products/Motion/7i34colo-500x500.png,http://www.mesanet.com/pdf/parallel/7i34man.pdf,,
313,"CFADPTCS-3.3 Compact Flash - IDE adapter type  2 - Chant Sincere",CFADPTCS-3.3,30,US$23.00,http://store.mesanet.com/image/cache/catalog/Products/Disk-Cards/cfadptcscolo-500x500.png,,,
314,"7I49 Picture",7I49HV,10,US$184.00,http://store.mesanet.com/image/cache/catalog/Products/AIO_Daughter_Cards/7i49colo-500x500.png,http://www.mesanet.com/pdf/motion/7i49man.pdf,,
315,"DB25M-IDC26 CABLE 18&quot;",DB25M-IDC26 CABLE 18&quot;,102,US$10.00,,,,
316,"AIO cable",AIO CABLE-1FT,Out Of Stock,US$15.00,,,,
317,"AIO cable",AIO CABLE-3FT,3,US$17.00,,,,
318,"AIO cable",AIO CABLE-2FT,Out Of Stock,US$16.00,,,,
319,"AIO cable",AIO CABLE-4FT,13,US$18.00,,,,
320,"AIO cable",AIO CABLE-5FT,7,US$19.00,,,,
321,"7i84 picture",7I84D,Out Of Stock,US$79.00,http://store.mesanet.com/image/cache/catalog/Products/AIO_Daughter_Cards/7i84colo-500x500.png,http://www.mesanet.com/pdf/parallel/7i84man.pdf,,
322,"7I76 Picture",7I76D,Out Of Stock,US$119.00,http://store.mesanet.com/image/cache/catalog/Products/AIO_Daughter_Cards/7i76colo-500x500.png,http://www.mesanet.com/pdf/parallel/7i76man.pdf,,
324,"7I94 picture",7I94,Out Of Stock,US$119.00,http://store.mesanet.com/image/cache/catalog/7i94colo-500x500.pnghttp://store.mesanet.com/image/cache/catalog/7i94colo-500x500.png,http://www.mesanet.com/pdf/parallel/7i94man.pdf,http://www.mesanet.com/software/parallel/7i94.zip,
327,"7I77D card",7I77D,Out Of Stock,US$229.00,http://store.mesanet.com/image/cache/catalog/Products/AIO-FPGA-Cards/7i77colo-500x500.png,http://www.mesanet.com/pdf/parallel/7i77man.pdf,,
328,"THCAD picture",THCAD-5,Out Of Stock,US$69.00,http://store.mesanet.com/image/cache/catalog/Products/AIO_Daughter_Cards/thcadcolo-500x500.png,http://www.mesanet.com/pdf/analog/thcadman.pdf,,
329,"RMA BOARD REPAIRS, PLUS FREIGHT",RMA BOARD REPAIRS, PLUS FREIGHT,1000,US$90.00,,,,
330,"7I77D 5I25 P&amp;G kit",7I77D-5I25 PNG KIT,Out Of Stock,US$318.00,http://store.mesanet.com/image/cache/catalog/Products/AIO_Daughter_Cards/7I765I25PNG-500x500.png,,,
331,"7I77D 6I25 P&amp;G kit",7I77D-6I25 PNG KIT,Out Of Stock,US$338.00,http://store.mesanet.com/image/cache/catalog/Products/AIO_Daughter_Cards/7I765I25PNG-500x500.png,,,
332,"FREIGHT ONLY",FREIGHT,1000,US$18.00,,,,
333,"INDUSTRIAL TEMP RANGE (-40°C to +85°C) +20% PER CARD",INDUSTRIAL TEMP RANGE (-40°C to +85°C) +20% PER CARD,1000,US$33.80,,,,
334,"PAYMENT SHORTS",PAYMENT SHORTS,1000,US$350.00,,,,
335,"CONFORMAL COATING PER BOARD",CONFORMAL COATING PER BOARD,1000,US$500.00,,,,
337,"3X20 MB CONNECTOR",3X20 MB CONNECTOR,450,US$7.00,,,,
338,"7C81 picture",7C81,2,US$89.00,http://store.mesanet.com/image/cache/catalog/7c81trans-500x500.png,http://www.mesanet.com/pdf/parallel/7c81man.pdf,http://www.mesanet.com/software/parallel/7c81.zip,
339,"7I98 picture",7I98,Out Of Stock,US$99.00,http://store.mesanet.com/image/cache/catalog/7i98colo-500x500.pnghttp://store.mesanet.com/image/cache/catalog/7i92colo-500x500.png,http://www.mesanet.com/pdf/parallel/7i98man.pdf,http://www.mesanet.com/software/parallel/7i98.zip,
340,"7I89 Picture",7I89,23,US$89.00,http://store.mesanet.com/image/cache/catalog/7i89colo-500x500.png,http://www.mesanet.com/pdf/parallel/7i89man.pdf,,
341,"7I93 picture",7I93,Out Of Stock,US$89.00,http://store.mesanet.com/image/cache/catalog/7i93colo-500x500.pnghttp://store.mesanet.com/image/cache/catalog/7i93colo-500x500.png,http://www.mesanet.com/pdf/parallel/7i93man.pdf,http://www.mesanet.com/software/parallel/7i93.zip,
342,"4I66 picture",4I66CRS  NOJ1-I ROHS-CC-I Conformal, Indtl temp,9,US$593.80,http://store.mesanet.com/image/cache/catalog/Products/Serial-Cards/4i66colo-500x500.png,http://www.mesanet.com/pdf/serial/4i66man.pdf,http://www.mesanet.com/software/serial/4i61.zip,
343,"7I95 picture",7I95,Out Of Stock,US$249.00,http://store.mesanet.com/image/cache/catalog/7i95colo-500x500.png,http://www.mesanet.com/pdf/parallel/7i95man.pdf,http://www.mesanet.com/software/parallel/7i95.zip,
344,"7I97 picture",7I97,Out Of Stock,US$279.00,http://store.mesanet.com/image/cache/catalog/7i97colo-500x500.png,http://www.mesanet.com/pdf/parallel/7i97man.pdf,http://www.mesanet.com/software/parallel/7i97.zip,
345,"7C80 picture",7C80,16,US$249.00,http://store.mesanet.com/image/cache/catalog/7c80colo-500x500.png,http://www.mesanet.com/pdf/parallel/7c80man.pdf,http://www.mesanet.com/software/parallel/7c80.zip,
346,"4I71S-NFT-NOPCI-T/B-ROHS  PC104-PLUS MAC-SWITCH",4I71S-NFT-NOPCI-T/B-ROHS,12,US$206.00,http://store.mesanet.com/image/cache/catalog/Products/Serial-Cards/4i71colo-500x500.png,http://www.mesanet.com/pdf/serial/4i71man.pdf,,
348,"7I68  3X2X cabled PCIE motherboard",7I68-FON,Out Of Stock,US$99.00,http://store.mesanet.com/image/cache/catalog/Products/AIO-FPGA-Cards/7i68colo-500x500.png,http://www.mesanet.com/pdf/parallel/7i68man.pdf,,
349,"7I88 Picture",7I88,24,US$79.00,http://store.mesanet.com/image/cache/catalog/7i88colo-500x500.png,http://www.mesanet.com/pdf/parallel/7i88man.pdf,,
350,"California Sales Tax added",California Sales Tax Add on,500,US$30.50,,,,
355,"IDC 40 cable",IDC40-IDC40 1.5&quot;,14,US$8.00,,,,
357,"DIN Tray 107MM X 102MM",DIN Tray 107MM X 102MM,11,US$7.50,,,,
358,"DIN Tray 107MM X 204MM",DIN Tray 107MM X 204MM,27,US$15.00,,,,
360,"4i36 picture",4I36-1-I,20,US$275.00,http://store.mesanet.com/image/cache/catalog/Products/Motion/4i36col-500x500.png,,,
361,"7I64 picture",7I64,Out Of Stock,US$198.00,http://store.mesanet.com/image/cache/catalog/Products/AIO_Daughter_Cards/7i64colo-500x500.png,http://www.mesanet.com/pdf/parallel/7i64man.pdf,,
362,"4I24-I  72/96 bit parallel I/O cards, Industrial Temperature Range  (-40°C to +85°C)",4I24-I,8,US$199.20,http://store.mesanet.com/image/cache/catalog/Products/Parallel_Cards/4i24colo-500x500.png,http://www.mesanet.com/pdf/parallel/4i24man.pdf,http://www.mesanet.com/software/parallel/4i24.zip,
363,"4I71S-1 PC104-PLUS MAC-SWITCH Industrial Temperature Range (-40°C to +85°C)",4I71S-I,4,US$247.00,http://store.mesanet.com/image/cache/catalog/Products/Serial-Cards/4i71colo-500x500.png,http://www.mesanet.com/pdf/serial/4i71man.pdf,,
365,"THCAD2 picture",THCAD2,45,US$79.00,http://store.mesanet.com/image/cache/catalog/thcad2colo-500x500.png,http://www.mesanet.com/pdf/analog/thcad2man.pdf,,
366,"7I36 Analog servo interface",7I36,41,US$149.00,http://store.mesanet.com/image/cache/catalog/7i36trans-500x500.png,http://www.mesanet.com/pdf/motion/7i36man.pdf,,
367,"Miscellaneous component",Miscellaneous components,1000,US$5.00,,,,
370,"7I34 picture",7I34,72,US$59.00,http://store.mesanet.com/image/cache/catalog/Products/Motion/7i34colo-500x500.png,http://www.mesanet.com/pdf/parallel/7i34man.pdf,,
373,"5I21 PICTURE",5I21RL-ROHS,Out Of Stock,US$183.00,http://store.mesanet.com/image/cache/catalog/Products/Serial-Cards/5i21colo-500x500.png,http://www.mesanet.com/pdf/parallel/5i21man.pdf,http://www.mesanet.com/software/parallel/5i21.zip,
374,"7I96S picture",7I96S,37,US$149.00,http://store.mesanet.com/image/cache/catalog/7i96scolo-500x500.png,http://www.mesanet.com/pdf/parallel/7i96sman.pdf,http://www.mesanet.com/software/parallel/7i96s.zip,
378,"7I92 picture",7I92TM,29,US$109.00,http://store.mesanet.com/image/cache/catalog/7i92tmcolo-500x500.pnghttp://store.mesanet.com/image/cache/catalog/7i92tmcolo-500x500.png,http://www.mesanet.com/pdf/parallel/7i92tman.pdf,http://www.mesanet.com/software/parallel/7i92t.zip,
379,"7I92 picture",7I92TF,33,US$109.00,http://store.mesanet.com/image/cache/catalog/7i92tfcolo-500x500.pnghttp://store.mesanet.com/image/cache/catalog/7i92tfcolo-500x500.png,http://www.mesanet.com/pdf/parallel/7i92tman.pdf,http://www.mesanet.com/software/parallel/7i92t.zip,
381,"7I92 picture",7I92TH,10,US$109.00,http://store.mesanet.com/image/cache/catalog/7i92thcolo-500x500.pnghttp://store.mesanet.com/image/cache/catalog/7i92thcolo-500x500.png,http://www.mesanet.com/pdf/parallel/7i92tman.pdf,http://www.mesanet.com/software/parallel/7i92t.zip,
382,"DB25M-DB25M CABLE 18&quot;",DB25M-DB25M CABLE 18&quot;,5,US$12.00,,,,
383,"7I95T picture",7I95T,14,US$249.00,http://store.mesanet.com/image/cache/catalog/7i95colo-500x500.png,http://www.mesanet.com/pdf/parallel/7i95tman.pdf,http://www.mesanet.com/software/parallel/7i95t.zip,
385,"Bare 6I24 Printed Circuit Boards - Before Assembly bake for 48 hours at 125 degrees",Bare Printed Circuit Boards 6I24,100,US$7.50,,,,
386,"7I80HDT  Ethernet Anything I/O card",7I80HDT,15,US$149.00,http://store.mesanet.com/image/cache/catalog/Products/AIO-FPGA-Cards/7i80hdcolo-500x500.png,http://www.mesanet.com/pdf/parallel/7i80hdtman.pdf,http://www.mesanet.com/software/parallel/7i80hdt.zip,
387,"5I25T picture",5I25T,112,US$89.00,http://store.mesanet.com/image/cache/catalog/Products/AIO-FPGA-Cards/5i25colo-500x500.pnghttp://store.mesanet.com/image/cache/catalog/Products/AIO-FPGA-Cards/5i25colo-500x500.pnghttp://store.mesanet.com/image/cache/catalog/Products/AIO-FPGA-Cards/5i25lpcolo-500x500.png,http://www.mesanet.com/pdf/parallel/5i25tman.pdf,http://www.mesanet.com/software/parallel/5i25t.zip,
390,"4I34-1-I  FPGA based Anything I/O card",4I34-1-I,Out Of Stock,US$250.00,http://store.mesanet.com/image/cache/catalog/Products/AIO-FPGA-Cards/4i34colo-500x500.png,http://www.mesanet.com/pdf/parallel/4i34man.pdf,http://www.mesanet.com/software/parallel/4i34.zip,
391,"4I34-2  FPGA based Anything I/O card",4I34-2-I,Out Of Stock,US$245.00,http://store.mesanet.com/image/cache/catalog/Products/AIO-FPGA-Cards/4i34colo-500x500.png,http://www.mesanet.com/pdf/parallel/4i34man.pdf,http://www.mesanet.com/software/parallel/4i34.zip,
392,"RMA BOARD REPAIRS ONLY",RMA BOARD REPAIRS,1000,US$30.00,,,,
393,"spinx1a picture",SPINx1A,38,US$24.00,http://store.mesanet.com/image/cache/catalog/Products/Adapters_Cables/spix1colo-500x500.png,http://www.mesanet.com/pdf/adapter/spinx1aman.pdf,,
395,"7I37TA picture",7I37TA,39,US$89.00,http://store.mesanet.com/image/cache/catalog/Products/AIO_Daughter_Cards/7i37tacolo-500x500.png,http://www.mesanet.com/pdf/parallel/7i37dman.pdf,,
396,"7I94T picture",7I94T,23,US$119.00,http://store.mesanet.com/image/cache/catalog/7i94tcolo-500x500.pnghttp://store.mesanet.com/image/cache/catalog/7i94colo-500x500.png,http://www.mesanet.com/pdf/parallel/7i94tman.pdf,http://www.mesanet.com/software/parallel/7i94t.zip,
397,"7I97T picture",7I97T,11,US$279.00,http://store.mesanet.com/image/cache/catalog/7i97tcolo-500x500.png,http://www.mesanet.com/pdf/parallel/7i97tman.pdf,http://www.mesanet.com/software/parallel/7i97t.zip,
398,"7I76E picture",7I76E,Out Of Stock,US$149.00,http://store.mesanet.com/image/cache/catalog/Products/AIO-FPGA-Cards/7i76ecolo-500x500.png,http://www.mesanet.com/pdf/parallel/7i76eman.pdf,http://www.mesanet.com/software/parallel/7i76e.zip,
399,"7I76EU picture",7I76EU,Out Of Stock,US$219.00,http://store.mesanet.com/image/cache/catalog/7i76eucolo-500x500.png,http://www.mesanet.com/pdf/parallel/7i76euman.pdf,http://www.mesanet.com/software/parallel/7i76eu.zip,
400,"DB25F-IDC26 CABLE 12&quot;",DB25F-IDC26 CABLE 12&quot; LP,Out Of Stock,US$5.00,,,,
401,"THCAD-RES",THCAD-RES,14,US$2.00,,,,
402,"RMA CARDS REPAIR, PLUS FREIGHT",RMA CARD REPAIRS, PLUS FREIGHT,1000,US$50.00,,,,
403,"RMA BOARD REPAIR ONLY",RMA CARD REPAIRS,1000,US$35.00,,,,
404,"bracket",BRACKET - SP 24,9,US$10.00,,,,
405,"bracket",BRACKET - LP 24,9,US$10.00,,,,
406,"7I77 5I25T P&amp;G kit",7I77-5I25T PNG KIT,2,US$318.00,http://store.mesanet.com/image/cache/catalog/Products/AIO_Daughter_Cards/7I765I25PNG-500x500.png,,,
407,"3X20 picture",3X20-1 BAD SAMPLE ONLY,Out Of Stock,US$20.00,http://store.mesanet.com/image/cache/catalog/Products/AIO-FPGA-Cards/3x20colo-500x500.png,http://www.mesanet.com/pdf/parallel/3x20man.pdf,http://www.mesanet.com/software/parallel/3x20.zip,
408,"7I76 Picture",7I76U,Out Of Stock,US$119.00,http://store.mesanet.com/image/cache/catalog/Products/AIO_Daughter_Cards/7i76colo-500x500.png,http://www.mesanet.com/pdf/parallel/7i76uman.pdf,,
409,"4I71 PC104-PLUS MAC-SWITCH Industrial Temperature Range (-40°C to +85°C)",4I71-I,3,US$263.00,http://store.mesanet.com/image/cache/catalog/Products/Serial-Cards/4i71colo-500x500.png,http://www.mesanet.com/pdf/serial/4i71man.pdf,,
410,"7i84U picture",7I84U,Out Of Stock,US$79.00,http://store.mesanet.com/image/cache/catalog/7i84ucolo-500x500.png,http://www.mesanet.com/pdf/parallel/7i84uman.pdf,,
411,"7I92 picture",7I92 P1 BAD,Out Of Stock,US$10.00,http://store.mesanet.com/image/cache/catalog/7i92colo-500x500.pnghttp://store.mesanet.com/image/cache/catalog/7i92colo-500x500.png,http://www.mesanet.com/pdf/parallel/7i92man.pdf,http://www.mesanet.com/software/parallel/7i92.zip,
